2,1,0,True,573,573
2,1,0,True,402,402
2,1,0,True,404,404
2,1,0,True,354,354
2,1,0,True,227,227
2,1,0,True,223,223
2,1,0,True,199,199
2,1,0,True,115,115
2,1,0,True,366,366
2,1,0,True,260,260
2,1,0,True,582,582
2,1,0,True,219,219
2,1,0,True,559,559
2,1,0,False,571,533
2,1,0,True,183,183
2,1,0,True,432,432
2,1,0,True,551,551
2,1,0,True,305,305
2,1,0,True,170,170
2,1,0,True,107,107
2,1,0,True,753,753
2,1,0,True,393,393
2,1,0,True,420,420
2,1,0,True,503,503
2,1,0,True,260,260
2,1,0,True,496,496
2,1,0,True,206,206
2,1,0,True,464,464
2,1,0,True,236,236
2,1,0,True,428,428
2,1,0,True,351,351
2,1,0,True,335,335
2,1,0,False,586,513
2,1,0,True,428,428
2,1,0,True,667,667
2,1,0,True,316,316
2,1,0,True,337,337
2,1,0,True,476,476
2,1,0,True,403,403
2,1,0,True,534,534
2,1,0,True,569,569
2,1,0,True,291,291
2,1,0,True,185,185
2,1,0,False,584,431
2,1,0,True,126,126
2,1,0,True,307,307
2,1,0,False,881,574
2,1,0,True,411,411
2,1,0,False,212,167
2,1,0,True,161,161
2,1,0,False,565,516
2,1,0,True,458,458
2,1,0,True,433,433
2,1,0,True,318,318
2,1,0,True,242,242
2,1,0,True,195,195
2,1,0,False,500,497
2,1,0,True,366,366
2,1,0,True,225,225
2,1,0,True,244,244
2,1,0,True,156,156
2,1,0,True,84,84
2,1,0,True,288,288
2,1,0,True,460,460
2,1,0,True,703,703
2,1,0,True,477,477
2,1,0,True,584,584
2,1,0,True,232,232
2,1,0,False,596,548
2,1,0,False,585,529
2,1,0,True,191,191
2,1,0,True,455,455
2,1,0,True,320,320
2,1,0,False,358,348
2,1,0,True,30,30
2,1,0,True,47,47
2,1,0,True,528,528
2,1,0,True,219,219
2,1,0,True,467,467
2,1,0,True,245,245
2,1,0,True,557,557
2,1,0,True,226,226
2,1,0,True,266,266
2,1,0,True,315,315
2,1,0,True,309,309
2,1,0,True,374,374
2,1,0,True,539,539
2,1,0,True,206,206
2,1,0,False,696,505
2,1,0,False,492,344
2,1,0,True,428,428
2,1,0,True,282,282
2,1,0,True,235,235
2,1,0,True,693,693
2,1,0,True,179,179
2,1,0,True,379,379
2,1,0,True,368,368
2,1,0,True,474,474
2,1,0,True,397,397
2,1,0,False,916,480
3,3,0,True,616,616
3,3,0,True,657,657
3,3,0,True,105,105
3,3,0,True,492,492
3,2,0,True,401,401
3,4,0,True,332,332
3,4,0,True,342,342
3,3,0,False,485,433
3,2,0,False,831,614
3,3,0,True,636,636
3,2,0,False,566,436
3,2,0,True,428,428
3,2,0,False,547,430
3,4,0,True,659,659
3,2,0,True,543,543
3,2,0,True,261,261
3,4,0,True,330,330
3,4,0,True,404,404
3,2,0,True,99,99
3,4,0,True,436,436
3,3,0,True,654,654
3,4,0,True,744,744
3,3,0,True,480,480
3,4,0,True,578,578
3,3,0,True,708,708
3,4,0,True,378,378
3,3,0,True,788,788
3,4,0,True,383,383
3,3,0,True,666,666
3,2,0,True,619,619
3,4,0,True,541,541
3,3,0,True,352,352
3,3,0,True,240,240
3,3,0,True,558,558
3,2,0,True,488,488
3,3,0,True,921,921
3,3,0,True,564,564
3,2,0,True,422,422
3,2,0,True,198,198
3,3,0,True,645,645
3,4,0,True,575,575
3,3,0,True,399,399
3,3,0,True,768,768
3,2,0,True,699,699
3,4,0,True,167,167
3,2,0,True,581,581
3,2,0,True,365,365
3,2,0,False,532,494
3,2,0,False,510,452
3,3,0,True,517,517
3,4,0,True,242,242
3,3,0,True,274,274
3,3,0,True,701,701
3,2,0,False,653,507
3,3,0,True,551,551
3,2,0,True,324,324
3,3,0,True,344,344
3,2,0,True,148,148
3,3,0,True,575,575
3,4,0,True,558,558
3,4,0,True,424,424
3,3,0,True,516,516
3,3,0,True,414,414
3,2,0,True,168,168
3,3,0,True,636,636
3,4,0,True,486,486
3,4,0,True,282,282
3,3,0,True,439,439
3,3,0,True,501,501
3,3,0,True,577,577
3,3,0,True,971,971
3,2,0,False,843,626
3,3,0,True,613,613
3,3,0,True,601,601
3,2,0,True,545,545
3,2,0,True,504,504
3,2,0,True,449,449
3,3,0,True,364,364
3,4,0,True,372,372
3,2,0,True,555,555
3,2,0,True,542,542
3,4,0,True,359,359
3,4,0,True,218,218
3,2,0,True,1111,1111
3,3,0,False,283,169
3,4,0,True,440,440
3,3,0,True,689,689
3,3,0,True,133,133
3,3,0,True,440,440
3,2,0,True,425,425
3,4,0,True,271,271
3,4,0,True,459,459
3,3,0,True,463,463
3,3,0,False,845,702
3,4,0,True,190,190
3,2,0,True,470,470
3,2,0,True,224,224
3,3,0,True,619,619
3,3,0,True,280,280
3,2,0,True,633,633
4,3,0,True,661,661
4,10,0,False,848,790
4,5,0,False,709,584
4,12,0,True,633,633
4,5,0,True,617,617
4,5,0,True,778,778
4,11,0,False,626,603
4,5,0,True,514,514
4,3,0,False,832,642
4,5,0,False,603,548
4,3,0,True,476,476
4,7,0,True,494,494
4,3,0,False,958,599
4,11,0,True,250,250
4,3,0,False,506,436
4,5,0,True,423,423
4,7,0,True,371,371
4,3,0,True,667,667
4,5,0,True,649,649
4,5,0,False,751,696
4,10,0,True,465,465
4,3,0,True,515,515
4,8,0,True,960,960
4,3,0,True,833,833
4,5,0,True,352,352
4,6,0,True,657,657
4,12,0,True,558,558
4,8,0,True,396,396
4,3,0,True,433,433
4,5,0,True,518,518
4,5,0,True,574,574
4,3,0,False,586,500
4,8,0,True,204,204
4,5,0,True,515,515
4,9,0,True,715,715
4,10,0,True,450,450
4,9,0,True,314,314
4,8,0,True,243,243
4,9,0,True,681,681
4,8,0,True,655,655
4,5,0,True,1049,1049
4,8,0,True,534,534
4,5,0,True,806,806
4,8,0,True,487,487
4,8,0,True,642,642
4,3,0,True,522,522
4,5,0,False,356,334
4,3,0,True,680,680
4,7,0,True,380,380
4,6,0,True,500,500
4,10,0,True,487,487
4,3,0,True,460,460
4,5,0,True,287,287
4,5,0,True,506,506
4,3,0,False,560,489
4,3,0,False,759,613
4,3,0,True,379,379
4,3,0,False,563,468
4,6,0,True,313,313
4,7,0,True,529,529
4,3,0,True,583,583
4,8,0,True,470,470
4,10,0,True,599,599
4,8,0,True,353,353
4,10,0,True,401,401
4,3,0,True,307,307
4,5,0,True,491,491
4,9,0,True,426,426
4,3,0,True,489,489
4,5,0,False,676,613
4,8,0,True,331,331
4,5,0,False,560,512
4,8,0,True,780,780
4,6,0,True,174,174
4,5,0,False,577,538
4,3,0,True,423,423
4,8,0,False,784,747
4,7,0,False,796,774
4,3,0,True,320,320
4,3,0,True,433,433
4,6,0,True,413,413
4,8,0,True,454,454
4,3,0,True,748,748
4,3,0,True,322,322
4,3,0,True,605,605
4,3,0,True,792,792
4,12,0,True,483,483
4,6,0,True,489,489
4,12,0,True,345,345
4,3,0,True,402,402
4,6,0,False,520,472
4,5,0,True,607,607
4,3,0,False,491,425
4,7,0,True,544,544
4,3,0,True,359,359
4,3,0,True,585,585
4,6,0,True,479,479
4,3,0,False,954,720
4,3,0,False,893,795
4,3,0,True,446,446
5,4,0,True,535,535
5,7,0,True,244,244
5,4,0,True,504,504
5,24,2,True,371,371
5,13,0,True,660,660
5,9,0,True,576,576
5,12,0,True,503,503
5,4,0,True,581,581
5,4,0,False,555,471
5,18,0,True,115,115
5,10,0,True,807,807
5,23,0,True,763,763
5,15,0,True,676,676
5,22,0,True,384,384
5,14,0,True,398,398
5,26,0,True,323,323
5,7,0,True,435,435
5,15,0,True,520,520
5,7,0,True,582,582
5,9,0,True,583,583
5,4,0,False,717,599
5,19,0,True,680,680
5,7,0,True,592,592
5,13,0,True,713,713
5,20,0,True,361,361
5,10,0,False,700,600
5,18,0,False,621,563
5,4,0,False,836,742
5,15,0,True,701,701
5,12,0,False,723,673
5,12,0,True,269,269
5,15,0,True,618,618
5,7,0,False,803,526
5,15,0,True,565,565
5,14,0,True,433,433
5,10,0,True,602,602
5,18,0,True,954,954
5,14,0,False,624,616
5,4,0,True,426,426
5,25,1,True,652,652
5,4,0,False,936,783
5,15,0,False,846,817
5,9,0,True,738,738
5,7,0,True,602,602
5,4,0,True,488,488
5,7,0,True,503,503
5,15,0,True,767,767
5,7,0,True,1034,1034
5,11,0,True,449,449
5,27,2,True,579,579
5,4,0,False,851,770
5,12,0,True,437,437
5,10,0,False,382,321
5,4,0,False,621,488
5,15,0,True,547,547
5,15,0,True,467,467
5,7,0,True,568,568
5,7,0,False,473,437
5,20,0,True,1039,1039
5,15,0,True,469,469
5,30,0,True,860,860
5,15,0,True,512,512
5,10,0,True,516,516
5,7,0,True,335,335
5,10,0,True,783,783
5,9,0,True,440,440
5,17,0,True,156,156
5,7,0,False,610,577
5,7,0,True,632,632
5,10,0,False,568,528
5,9,0,True,352,352
5,25,0,True,746,746
5,15,0,False,480,446
5,15,0,True,635,635
5,4,0,True,559,559
5,9,0,True,539,539
5,17,0,True,1059,1059
5,14,0,True,401,401
5,15,0,True,745,745
5,7,0,True,989,989
5,14,0,True,768,768
5,9,0,True,858,858
5,12,0,True,586,586
5,7,0,True,508,508
5,22,0,True,426,426
5,18,0,False,211,164
5,7,0,True,306,306
5,4,0,False,917,898
5,14,0,True,194,194
5,10,0,True,527,527
5,7,0,False,907,832
5,7,0,True,781,781
5,12,0,False,845,834
5,4,0,True,509,509
5,12,0,False,1160,1057
5,14,0,True,976,976
5,24,0,True,578,578
5,16,0,True,336,336
5,7,0,True,420,420
5,14,0,False,679,538
6,12,0,True,590,590
6,21,0,True,302,302
6,20,0,True,352,352
6,9,0,True,507,507
6,19,0,True,435,435
6,39,0,True,433,433
6,9,0,True,473,473
6,33,0,True,1010,1010
6,17,0,True,442,442
6,13,0,True,365,365
6,5,0,False,568,550
6,24,0,True,530,530
6,12,0,False,570,532
6,9,0,False,1065,1051
6,29,0,True,680,680
6,15,0,True,778,778
6,9,0,False,542,402
6,19,0,True,659,659
6,5,0,False,803,766
6,9,0,True,620,620
6,5,0,True,790,790
6,28,0,True,746,746
6,12,0,True,1161,1161
6,5,0,True,346,346
6,22,0,True,657,657
6,5,0,False,853,828
6,14,0,True,649,649
6,21,0,True,585,585
6,34,0,True,586,586
6,33,0,True,450,450
6,13,0,True,311,311
6,12,0,True,592,592
6,9,0,True,426,426
6,19,0,True,758,758
6,12,0,False,690,643
6,5,0,True,722,722
6,5,0,True,474,474
6,23,0,True,612,612
6,12,0,True,813,813
6,13,0,False,891,766
6,15,0,True,716,716
6,21,0,False,673,646
6,27,0,True,512,512
6,19,0,True,787,787
6,5,0,False,758,707
6,27,0,True,866,866
6,25,0,True,505,505
6,20,0,True,608,608
6,41,0,True,303,303
6,30,0,True,603,603
6,40,0,True,743,743
6,15,0,False,821,800
6,15,0,True,393,393
6,12,0,True,279,279
6,12,0,True,431,431
6,29,0,True,842,842
6,5,0,True,377,377
6,28,0,True,379,379
6,15,0,True,662,662
6,20,0,True,470,470
6,27,0,True,397,397
6,25,0,True,436,436
6,64,3,True,306,306
6,5,0,True,724,724
6,5,0,True,435,435
6,27,0,True,351,351
6,5,0,True,831,831
6,20,0,False,452,443
6,21,0,True,641,641
6,5,0,True,674,674
6,9,0,True,714,714
6,24,0,True,335,335
6,16,0,True,347,347
6,33,0,True,439,439
6,19,0,False,482,441
6,21,0,True,506,506
6,20,0,True,839,839
6,44,1,True,488,488
6,5,0,False,948,691
6,9,0,True,571,571
6,33,0,True,705,705
6,25,0,True,928,928
6,15,0,True,679,679
6,13,0,True,380,380
6,28,0,True,417,417
6,20,0,True,602,602
6,31,0,True,888,888
6,18,0,True,530,530
6,34,0,True,879,879
6,36,0,True,597,597
6,29,0,True,298,298
6,19,0,False,556,540
6,41,0,True,393,393
6,32,0,True,322,322
6,64,2,True,536,536
6,44,1,True,787,787
6,5,0,False,719,582
6,13,0,False,847,569
6,27,0,True,551,551
6,16,0,True,705,705
7,31,0,False,435,389
7,43,0,True,662,662
7,45,0,True,566,566
7,6,0,True,458,458
7,39,0,True,336,336
7,35,0,True,504,504
7,30,0,True,710,710
7,36,0,True,421,421
7,31,0,True,632,632
7,43,0,True,541,541
7,11,0,False,751,712
7,6,0,False,655,536
7,54,0,True,786,786
7,56,0,True,313,313
7,45,0,True,629,629
7,11,0,True,608,608
7,128,2,True,719,719
7,75,0,True,954,954
7,65,1,True,564,564
7,20,0,True,443,443
7,41,0,False,559,558
7,62,0,True,358,358
7,15,0,False,803,708
7,38,0,False,781,771
7,6,0,False,769,710
7,44,0,True,507,507
7,11,0,True,599,599
7,6,0,False,803,678
7,61,0,True,557,557
7,58,0,True,362,362
7,6,0,False,720,676
7,23,0,True,711,711
7,11,0,False,658,585
7,56,0,True,808,808
7,11,0,True,737,737
7,6,0,True,658,658
7,56,0,False,601,597
7,11,0,False,630,541
7,61,0,True,742,742
7,40,0,False,559,548
7,43,0,True,370,370
7,26,0,True,284,284
7,6,0,True,265,265
7,26,0,False,746,632
7,46,0,False,1133,937
7,6,0,False,575,495
7,6,0,False,640,628
7,11,0,True,389,389
7,6,0,True,715,715
7,41,1,True,408,408
7,53,0,True,804,804
7,84,2,True,672,672
7,43,0,True,333,333
7,39,0,True,490,490
7,155,12,True,884,884
7,54,0,True,615,615
7,50,0,True,793,793
7,39,0,False,772,708
7,51,0,True,493,493
7,6,0,True,1015,1015
7,15,0,True,587,587
7,6,0,True,547,547
7,25,0,True,840,840
7,68,0,True,552,552
7,34,0,True,544,544
7,11,0,True,514,514
7,6,0,True,653,653
7,92,0,True,778,778
7,20,0,True,596,596
7,69,0,True,427,427
7,21,0,True,363,363
7,20,0,False,1026,919
7,16,0,True,521,521
7,50,0,True,601,601
7,34,0,True,566,566
7,28,0,True,619,619
7,11,0,False,646,502
7,57,0,True,834,834
7,11,0,True,587,587
7,83,1,True,565,565
7,33,0,True,518,518
7,43,0,True,550,550
7,50,0,True,633,633
7,36,0,True,693,693
7,37,0,True,329,329
7,23,0,True,411,411
7,37,0,True,620,620
7,26,0,True,725,725
7,27,0,True,557,557
7,40,0,True,647,647
7,65,0,True,584,584
7,21,0,True,367,367
7,28,0,True,510,510
7,15,0,True,872,872
7,24,0,True,545,545
7,33,0,True,567,567
7,27,0,True,632,632
7,110,3,True,759,759
7,46,0,True,521,521
7,88,1,True,779,779
8,225,9,True,468,468
8,116,0,True,769,769
8,55,0,True,654,654
8,207,6,False,639,581
8,7,0,False,742,737
8,38,0,True,738,738
8,58,0,True,475,475
8,7,0,True,761,761
8,13,0,True,824,824
8,77,0,True,589,589
8,74,1,True,666,666
8,13,0,True,603,603
8,110,0,True,596,596
8,13,0,True,609,609
8,88,0,True,1222,1222
8,33,0,False,1085,1015
8,134,0,True,756,756
8,30,0,False,764,712
8,70,1,True,549,549
8,129,2,True,618,618
8,7,0,False,885,759
8,19,0,False,904,892
8,13,0,False,546,479
8,167,2,True,922,922
8,13,0,True,285,285
8,84,0,True,464,464
8,75,0,True,589,589
8,68,0,True,462,462
8,77,0,True,758,758
8,83,0,False,846,758
8,35,0,True,887,887
8,109,1,True,659,659
8,163,2,True,712,712
8,37,0,True,508,508
8,95,0,True,563,563
8,119,1,True,331,331
8,7,0,False,977,939
8,38,0,True,600,600
8,54,0,False,364,361
8,263,8,True,350,350
8,31,0,True,838,838
8,39,0,True,535,535
8,7,0,False,515,422
8,149,0,True,400,400
8,419,15,True,765,765
8,66,0,True,649,649
8,13,0,True,847,847
8,7,0,False,635,621
8,45,0,True,595,595
8,24,0,False,817,811
8,19,0,False,665,627
8,102,0,True,787,787
8,24,0,True,625,625
8,78,0,True,877,877
8,78,0,True,647,647
8,133,0,True,502,502
8,107,2,True,763,763
8,27,0,False,850,793
8,151,0,True,233,233
8,56,0,True,749,749
8,36,0,True,533,533
8,75,0,True,509,509
8,78,0,True,687,687
8,59,0,True,663,663
8,13,0,False,561,407
8,46,0,True,651,651
8,75,0,True,418,418
8,44,0,True,494,494
8,19,0,True,780,780
8,73,0,True,514,514
8,7,0,False,776,612
8,39,0,True,433,433
8,113,0,True,522,522
8,157,1,True,498,498
8,36,0,True,423,423
8,83,0,True,591,591
8,33,0,True,983,983
8,44,0,True,722,722
8,13,0,True,376,376
8,79,1,False,955,949
8,167,4,False,730,723
8,121,0,True,556,556
8,78,0,True,480,480
8,69,0,True,1013,1013
8,132,1,True,602,602
8,70,1,True,934,934
8,82,0,False,933,908
8,33,0,False,878,876
8,70,1,True,826,826
8,13,0,False,554,516
8,148,2,True,403,403
8,7,0,True,892,892
8,24,0,True,398,398
8,55,0,False,988,911
8,59,0,True,471,471
8,51,0,True,736,736
8,7,0,True,923,923
8,7,0,True,399,399
8,267,21,True,846,846
8,18,0,False,846,743
9,429,12,True,484,484
9,182,5,False,1044,1012
9,22,0,True,508,508
9,172,0,True,687,687
9,367,10,True,554,554
9,114,0,True,491,491
9,105,0,True,684,684
9,8,0,True,676,676
9,428,21,True,738,738
9,444,6,True,1112,1112
9,160,0,True,546,546
9,8,0,True,431,431
9,8,0,False,785,757
9,139,2,True,629,629
9,15,0,True,738,738
9,193,0,True,503,503
9,150,4,False,847,776
9,76,0,True,459,459
9,15,0,True,490,490
9,152,2,True,796,796
9,8,0,False,651,561
9,8,0,True,566,566
9,69,0,True,634,634
9,15,0,False,722,713
9,28,0,True,653,653
9,154,1,True,912,912
9,243,2,True,855,855
9,87,0,True,354,354
9,73,0,True,482,482
9,15,0,True,926,926
9,980,70,True,473,473
9,162,0,True,873,873
9,195,2,True,652,652
9,151,0,True,1149,1149
9,173,0,False,576,501
9,266,0,True,701,701
9,35,0,True,825,825
9,156,0,False,894,893
9,78,0,False,634,623
9,8,0,False,719,701
9,127,1,False,605,529
9,159,0,True,827,827
9,94,0,True,728,728
9,82,0,True,444,444
9,180,0,True,571,571
9,234,2,True,551,551
9,213,2,True,761,761
9,217,2,True,522,522
9,552,15,True,762,762
9,195,1,True,671,671
9,8,0,True,824,824
9,188,4,False,831,792
9,112,0,True,807,807
9,106,0,False,605,592
9,342,19,True,424,424
9,100,0,True,503,503
9,8,0,False,618,573
9,112,0,True,672,672
9,8,0,False,572,534
9,175,2,False,967,966
9,186,0,True,658,658
9,40,0,False,850,813
9,98,0,False,621,547
9,170,0,True,724,724
9,8,0,True,505,505
9,22,0,True,473,473
9,15,0,True,691,691
9,186,2,True,852,852
9,415,4,True,810,810
9,407,6,True,719,719
9,22,0,True,541,541
9,225,5,True,830,830
9,221,2,True,593,593
9,197,2,False,509,501
9,141,1,True,700,700
9,90,0,True,587,587
9,129,0,True,1032,1032
9,34,0,False,486,428
9,76,0,False,536,527
9,22,0,True,786,786
9,77,0,True,974,974
9,268,3,True,966,966
9,523,10,True,533,533
9,92,0,True,726,726
9,15,0,True,418,418
9,22,0,True,575,575
9,8,0,False,912,839
9,28,0,True,384,384
9,324,9,True,585,585
9,401,10,True,526,526
9,465,38,True,596,596
9,68,0,True,694,694
9,399,6,True,649,649
9,190,0,True,644,644
9,39,0,False,848,783
9,60,0,True,707,707
9,167,1,True,684,684
9,292,14,True,445,445
9,174,0,True,732,732
9,104,0,True,614,614
10,9,0,True,725,725
10,271,0,True,576,576
10,293,0,False,594,571
10,183,2,True,712,712
10,221,2,False,597,593
10,363,3,True,615,615
10,615,6,True,506,506
10,9,0,True,744,744
10,9,0,False,465,426
10,312,1,True,642,642
10,284,0,True,407,407
10,30,0,True,421,421
10,409,5,False,631,628
10,361,1,False,659,603
10,155,0,True,465,465
10,38,0,True,819,819
10,462,7,False,969,704
10,230,1,True,806,806
10,303,5,True,743,743
10,258,1,True,736,736
10,58,0,True,556,556
10,174,0,True,860,860
10,428,2,True,663,663
10,1089,24,True,649,649
10,671,30,False,1108,848
10,138,0,True,730,730
10,891,20,True,366,366
10,17,0,True,395,395
10,467,7,True,485,485
10,486,1,True,749,749
10,60,0,False,717,628
10,191,0,True,660,660
10,2102,277,True,735,735
10,884,19,True,736,736
10,24,0,True,732,732
10,733,17,True,560,560
10,78,0,True,620,620
10,251,0,True,609,609
10,280,1,True,401,401
10,488,4,True,817,817
10,290,13,True,896,896
10,303,1,True,742,742
10,129,0,False,828,772
10,76,0,False,517,488
10,82,0,True,1186,1186
10,228,0,True,552,552
10,209,1,True,409,409
10,448,13,False,621,598
10,393,7,True,769,769
10,529,13,True,795,795
10,17,0,True,660,660
10,48,0,True,642,642
10,721,15,True,772,772
10,32,0,True,737,737
10,17,0,True,454,454
10,50,0,False,649,641
10,335,9,True,704,704
10,696,7,True,942,942
10,65,0,True,651,651
10,502,2,True,708,708
10,76,0,True,663,663
10,450,14,True,698,698
10,1031,34,True,881,881
10,491,7,True,778,778
10,208,0,False,876,863
10,144,0,True,747,747
10,146,0,True,776,776
10,660,5,True,620,620
10,725,26,True,726,726
10,148,0,True,663,663
10,277,3,True,1001,1001
10,281,0,True,488,488
10,200,0,False,485,474
10,292,3,True,558,558
10,232,1,True,834,834
10,300,0,False,756,749
10,9,0,False,715,590
10,270,0,True,553,553
10,542,4,True,974,974
10,67,0,False,642,612
10,9,0,True,655,655
10,220,0,True,489,489
10,9,0,True,770,770
10,250,3,False,850,840
10,450,10,False,931,890
10,25,0,False,694,654
10,364,2,True,726,726
10,175,0,True,814,814
10,137,0,False,721,691
10,131,0,False,541,515
10,189,0,True,430,430
10,17,0,True,379,379
10,9,0,True,538,538
10,32,0,True,506,506
10,1149,15,True,725,725
10,121,0,True,651,651
10,2265,286,True,939,939
10,358,5,True,608,608
10,198,0,True,690,690
10,535,23,False,662,629
11,1053,11,True,522,522
11,1524,27,True,479,479
11,167,0,True,389,389
11,2252,110,True,749,749
11,278,0,True,653,653
11,579,5,True,330,330
11,2737,356,False,874,798
11,10,0,True,658,658
11,5370,495,True,494,494
11,97,1,True,809,809
11,296,1,True,719,719
11,167,0,True,703,703
11,1480,83,True,648,648
11,2267,89,True,712,712
11,10,0,True,685,685
11,588,9,True,926,926
11,2186,55,False,645,640
11,745,11,True,597,597
11,580,9,True,663,663
11,1338,8,True,489,489
11,125,0,True,637,637
11,1280,56,True,599,599
11,510,6,True,727,727
11,714,3,False,783,760
11,296,0,True,587,587
11,509,5,False,858,813
11,80,0,True,570,570
11,316,2,True,651,651
11,2155,75,True,611,611
11,2598,192,True,511,511
11,1010,53,True,415,415
11,19,0,True,796,796
11,313,0,False,664,654
11,1659,87,True,822,822
11,217,1,True,765,765
11,884,17,True,913,913
11,212,0,True,605,605
11,1246,39,True,609,609
11,10,0,True,521,521
11,138,0,True,716,716
11,1430,36,False,686,657
11,195,0,True,515,515
11,579,3,True,819,819
11,384,0,False,939,904
11,489,0,True,873,873
11,158,0,True,593,593
11,666,9,True,385,385
11,238,0,False,549,491
11,1636,73,True,581,581
11,525,3,True,614,614
11,501,0,True,761,761
11,52,0,True,1063,1063
11,102,0,True,568,568
11,61,0,False,959,766
11,679,13,True,860,860
11,363,9,False,823,813
11,253,2,True,646,646
11,162,0,True,705,705
11,731,5,True,580,580
11,1121,48,True,565,565
11,1942,85,True,664,664
11,191,0,True,679,679
11,146,0,False,860,797
11,479,3,True,493,493
11,3443,229,True,938,938
11,1094,14,True,920,920
11,481,0,True,905,905
11,411,2,True,469,469
11,1070,40,True,539,539
11,531,25,True,1135,1135
11,51,0,True,807,807
11,251,0,True,843,843
11,849,14,False,701,636
11,385,1,False,744,743
11,485,5,True,979,979
11,105,0,True,650,650
11,750,8,True,362,362
11,230,0,True,507,507
11,300,0,True,483,483
11,314,0,True,683,683
11,112,0,True,450,450
11,442,7,True,594,594
11,36,0,True,419,419
11,330,1,True,805,805
11,19,0,False,786,728
11,383,0,True,620,620
11,1271,9,True,563,563
11,69,0,True,876,876
11,132,0,True,728,728
11,146,0,True,839,839
11,153,0,True,504,504
11,642,14,True,870,870
11,411,4,True,645,645
11,834,10,True,847,847
11,414,1,True,591,591
11,481,9,True,616,616
11,190,0,True,828,828
11,1422,20,True,590,590
11,3341,188,True,752,752
11,475,0,True,566,566
12,76,0,True,633,633
12,526,2,True,766,766
12,374,0,True,700,700
12,1080,18,True,788,788
12,2164,95,True,936,936
12,3216,211,True,853,853
12,1426,53,False,679,620
12,7173,902,True,413,413
12,1037,15,True,770,770
12,947,20,True,457,457
12,1213,49,True,577,577
12,21,0,False,615,519
12,1939,64,True,518,518
12,5360,316,True,529,529
12,2612,98,True,835,835
12,562,1,True,709,709
12,21,0,True,873,873
12,407,8,True,719,719
12,3301,84,True,519,519
12,1678,23,True,777,777
12,2342,91,True,743,743
12,540,0,True,386,386
12,842,2,True,911,911
12,2227,143,True,598,598
12,3783,173,True,537,537
12,315,2,False,772,761
12,875,8,False,760,755
12,778,0,True,660,660
12,1234,2,True,756,756
12,808,7,True,920,920
12,1821,32,True,317,317
12,4395,214,True,700,700
12,11,0,False,776,720
12,1816,25,True,633,633
12,11,0,True,865,865
12,936,10,True,739,739
12,2840,42,True,667,667
12,412,2,True,752,752
12,404,0,True,757,757
12,933,14,True,905,905
12,2222,102,True,451,451
12,48,0,False,1237,1149
12,1104,23,True,711,711
12,1497,12,True,732,732
12,11,0,False,898,788
12,1660,68,True,686,686
12,745,19,True,502,502
12,41,0,False,855,801
12,701,16,True,765,765
12,1677,32,True,864,864
12,580,0,True,992,992
12,739,4,True,615,615
12,1370,9,True,557,557
12,5712,407,True,727,727
12,1721,40,True,847,847
12,130,0,False,638,539
12,1410,49,True,747,747
12,545,0,True,674,674
12,2659,140,False,753,724
12,2377,69,False,707,690
12,2692,52,True,474,474
12,858,8,False,959,942
12,871,1,True,610,610
12,726,4,True,723,723
12,259,0,True,708,708
12,298,0,False,643,641
12,3223,206,True,829,829
12,1272,8,False,750,739
12,1431,23,True,682,682
12,531,1,False,523,486
12,377,0,False,959,957
12,706,3,True,804,804
12,21,0,True,1048,1048
12,11,0,True,756,756
12,3969,197,True,642,642
12,235,0,True,717,717
12,2355,58,True,811,811
12,47,0,True,697,697
12,4106,193,True,369,369
12,21,0,True,914,914
12,2546,81,False,642,604
12,1639,38,True,758,758
12,21,0,False,492,478
12,751,0,True,709,709
12,21,0,False,642,596
12,256,0,True,443,443
12,737,6,False,829,824
12,1842,161,True,802,802
12,1497,31,True,646,646
12,442,0,True,548,548
12,4659,349,True,731,731
12,2610,109,True,691,691
12,185,0,False,791,773
12,271,1,False,1161,600
12,2041,63,True,610,610
12,810,7,True,850,850
12,273,0,False,823,787
12,837,3,True,579,579
12,1451,44,True,674,674
12,11,0,True,628,628
13,810,3,True,511,511
13,2871,103,True,657,657
13,4032,101,False,622,608
13,902,1,True,729,729
13,462,0,False,599,577
13,116,0,True,803,803
13,257,0,True,787,787
13,1010,2,True,689,689
13,478,2,True,598,598
13,276,0,True,795,795
13,271,0,False,905,896
13,2805,54,True,588,588
13,2161,23,True,620,620
13,23,0,True,766,766
13,856,3,True,448,448
13,3755,50,True,740,740
13,12,0,False,899,846
13,6807,390,True,905,905
13,852,10,True,503,503
13,3370,98,True,568,568
13,4025,184,False,1057,1035
13,769,1,True,896,896
13,385,2,True,855,855
13,4034,143,True,776,776
13,119,0,True,565,565
13,699,4,True,747,747
13,1602,54,True,713,713
13,901,2,False,691,668
13,18320,1710,True,795,795
13,5473,173,True,840,840
13,1820,58,True,598,598
13,3257,22,False,724,711
13,5731,287,True,866,866
13,6938,348,True,684,684
13,3128,88,False,560,534
13,4657,179,True,855,855
13,350,0,True,858,858
13,1405,2,True,605,605
13,3179,115,True,833,833
13,2859,28,True,713,713
13,8242,175,True,763,763
13,307,0,True,831,831
13,7945,669,True,512,512
13,736,0,False,772,751
13,1530,24,True,518,518
13,3315,57,False,964,927
13,393,0,True,764,764
13,5721,329,True,566,566
13,1467,3,True,596,596
13,208,1,False,698,691
13,7034,663,True,1121,1121
13,4249,131,True,863,863
13,371,0,False,725,688
13,2115,54,True,814,814
13,12,0,True,762,762
13,1369,3,True,454,454
13,4976,145,True,591,591
13,1853,23,False,1096,1062
13,12,0,False,888,770
13,527,0,True,808,808
13,7743,533,True,673,673
13,26505,3884,True,860,860
13,328,1,True,528,528
13,2680,91,False,792,740
13,2521,118,True,856,856
13,23795,3429,True,762,762
13,4371,186,True,518,518
13,582,0,False,882,872
13,944,21,True,676,676
13,1304,11,True,660,660
13,5418,129,False,590,553
13,12,0,True,1022,1022
13,605,4,False,928,898
13,2215,51,False,1161,1156
13,1830,24,True,778,778
13,18077,2910,True,858,858
13,12,0,False,756,742
13,4900,501,True,523,523
13,323,0,True,853,853
13,33,0,True,879,879
13,17923,2090,True,465,465
13,4879,161,False,1524,949
13,1320,9,True,783,783
13,12,0,True,740,740
13,3022,13,True,661,661
13,1243,16,True,400,400
13,23,0,False,774,718
13,686,1,True,573,573
13,6789,462,True,607,607
13,12245,783,False,665,662
13,2454,2,True,739,739
13,11452,594,True,723,723
13,4406,119,True,604,604
13,578,0,False,789,762
13,8635,507,True,435,435
13,9698,768,True,591,591
13,12,0,False,877,641
13,3292,52,True,735,735
13,2367,26,True,811,811
13,6643,362,True,877,877
14,4762,124,False,915,583
14,35440,2661,True,565,565
14,52166,6738,True,602,602
14,3064,48,True,709,709
14,2650,32,True,654,654
14,20545,1152,True,616,616
14,3151,26,False,1106,999
14,20350,1885,True,813,813
14,6025,113,True,669,669
14,12084,357,True,918,918
14,4220,142,True,415,415
14,7418,332,True,665,665
14,9040,86,True,765,765
14,8875,819,True,770,770
14,2148,17,True,281,281
14,82966,17119,True,765,765
14,8473,259,True,364,364
14,13,0,False,845,809
14,26292,1549,True,968,968
14,2333,16,True,775,775
14,6759,72,True,578,578
14,15711,1330,True,631,631
14,21245,1953,True,919,919
14,1109,6,True,888,888
14,59390,8836,True,824,824
14,3762,54,True,975,975
14,3279,13,True,669,669
14,13,0,False,813,767
14,4012,81,True,717,717
14,491,2,True,511,511
14,8390,467,True,659,659
14,13,0,True,552,552
14,4385,148,True,811,811
14,10314,268,True,862,862
14,3085,21,False,788,786
14,28146,3429,True,776,776
14,7660,397,True,610,610
14,12704,404,False,716,681
14,39064,3711,True,755,755
14,1226,1,False,646,623
14,421,1,True,652,652
14,5035,211,True,555,555
14,911,6,True,552,552
14,8225,257,False,761,753
14,17399,892,True,869,869
14,8897,375,True,498,498
14,9187,587,True,670,670
14,5849,141,True,780,780
14,1397,10,True,577,577
14,922,0,True,738,738
14,234,0,True,673,673
14,13,0,False,870,844
14,4271,76,True,670,670
14,6622,89,True,792,792
14,6016,246,True,634,634
14,13926,761,True,493,493
14,2989,45,True,705,705
14,740,0,True,924,924
14,482,1,True,552,552
14,7596,248,True,508,508
14,1526,11,True,703,703
14,3228,15,True,655,655
14,24015,1640,True,714,714
14,5448,144,False,830,747
14,913,1,False,742,715
14,15880,1016,True,851,851
14,3298,76,False,1077,1047
14,2191,16,False,622,616
14,3872,123,True,798,798
14,37,0,True,637,637
14,854,1,True,534,534
14,763,6,True,762,762
14,9364,254,True,566,566
14,1171,11,True,587,587
14,1027,1,True,755,755
14,198,0,True,656,656
14,11912,474,False,1003,963
14,38320,4516,True,708,708
14,1749,4,True,836,836
14,508,1,True,736,736
14,1112,3,False,531,515
14,25,0,False,679,614
14,8660,140,True,702,702
14,4527,52,False,837,795
14,4556,116,False,1097,1056
14,1108,3,True,792,792
14,1959,0,True,898,898
14,4683,78,False,767,765
14,51875,6129,True,550,550
14,5939,78,True,467,467
14,1026,1,True,645,645
14,4246,64,True,456,456
14,593,2,False,918,899
14,6200,339,True,566,566
14,4045,147,True,718,718
14,25026,3465,True,894,894
14,37,0,False,854,819
14,8748,320,True,641,641
14,6340,402,True,684,684
14,1005,0,True,640,640
15,141036,27377,True,558,558
15,70607,6804,True,618,618
15,109516,11709,True,708,708
15,559,0,False,910,880
15,74054,6099,True,775,775
15,4932,43,False,915,908
15,3273,18,False,527,505
15,1308,1,True,896,896
15,9621,297,True,821,821
15,27,0,False,469,432
15,29453,1758,True,691,691
15,460,0,True,896,896
15,637,1,False,748,746
15,4378,64,True,940,940
15,8398,374,True,928,928
15,32271,2356,True,854,854
15,41307,3797,True,733,733
15,27,0,False,834,792
15,2208,20,False,758,746
15,51,0,True,425,425
15,20592,627,True,775,775
15,7288,390,True,773,773
15,40,0,True,762,762
15,24293,1553,True,615,615
15,19396,557,False,461,440
15,39812,3193,True,594,594
15,3724,3,True,793,793
15,14,0,True,1180,1180
15,76021,5957,True,815,815
15,264,0,True,729,729
15,5429,59,True,624,624
15,60320,7669,True,607,607
15,14,0,False,769,718
15,1721,10,True,787,787
15,36332,3156,True,759,759
15,22522,1168,True,694,694
15,41902,2476,True,511,511
15,8867,405,True,659,659
15,7576,164,True,700,700
15,12695,354,True,696,696
15,16430,863,True,352,352
15,42337,2999,True,570,570
15,107750,12223,True,965,965
15,1500,1,True,656,656
15,21168,562,True,887,887
15,19098,596,True,654,654
15,735,0,False,1041,987
15,39,0,False,746,649
15,16896,412,True,1128,1128
15,9349,404,True,722,722
15,99444,8584,False,930,805
15,27758,1600,False,534,509
15,35019,3467,True,661,661
15,14,0,True,589,589
15,3413,27,False,782,774
15,2373,29,False,498,492
15,33119,2518,True,728,728
15,2395,0,True,638,638
15,23437,874,True,511,511
15,13309,443,True,901,901
15,13920,850,True,547,547
15,13769,562,True,723,723
15,14,0,False,675,655
15,2090,15,False,641,621
15,3285,133,True,991,991
15,8493,240,True,672,672
15,11385,295,True,798,798
15,4143,26,True,695,695
15,16588,783,True,595,595
15,29237,2446,False,731,552
15,3874,54,True,925,925
15,51600,5503,True,551,551
15,3583,90,False,887,858
15,1106,1,True,458,458
15,20288,987,True,654,654
15,23389,712,True,411,411
15,14,0,True,737,737
15,30421,2723,True,635,635
15,14,0,False,709,671
15,751,1,True,762,762
15,14,0,False,833,831
15,11348,466,True,789,789
15,1470,1,True,726,726
15,182,0,True,707,707
15,1474,6,True,767,767
15,11886,615,True,792,792
15,39,0,False,618,598
15,4800,88,True,878,878
15,10084,213,True,594,594
15,3510,59,True,741,741
15,38625,5258,True,836,836
15,18032,991,False,960,755
15,19032,1326,True,662,662
15,13172,643,True,865,865
15,6714,194,True,688,688
15,100049,11410,True,882,882
15,76889,10416,True,759,759
15,20136,1008,True,914,914
15,44812,3034,True,567,567
15,137708,17921,True,854,854
16,30054,1701,True,970,970
16,6394,290,False,649,641
16,229465,22002,True,724,724
16,15001,250,True,548,548
16,8294,300,True,663,663
16,287388,34806,True,641,641
16,17577,272,False,815,766
16,15,0,True,579,579
16,82631,4431,True,508,508
16,16258,712,True,607,607
16,35852,1920,True,676,676
16,29,0,True,487,487
16,11830,166,True,582,582
16,25253,1437,True,694,694
16,982,0,True,948,948
16,106663,8379,False,935,741
16,1201,2,False,952,947
16,15,0,True,791,791
16,2074,1,False,899,885
16,32573,1674,True,710,710
16,57929,4358,False,1351,814
16,23055,1003,True,705,705
16,100677,9846,True,700,700
16,8868,288,True,615,615
16,34299,2249,True,911,911
16,319159,40799,True,773,773
16,29,0,False,798,724
16,15,0,True,474,474
16,529,1,True,788,788
16,10190,486,True,687,687
16,141789,11404,True,649,649
16,202812,26349,True,742,742
16,8713,209,True,727,727
16,19556,1365,True,716,716
16,15,0,False,907,878
16,132522,17545,True,611,611
16,4168,85,True,541,541
16,4318,75,True,472,472
16,1404,4,True,605,605
16,3863,15,True,554,554
16,29,0,True,894,894
16,79548,5788,False,924,759
16,16331,295,True,768,768
16,58026,3469,True,727,727
16,18558,808,True,868,868
16,15,0,True,869,869
16,15041,363,False,728,688
16,24166,668,True,566,566
16,337585,44507,True,702,702
16,15,0,False,767,707
16,15,0,False,869,859
16,292022,44414,True,720,720
16,36115,2128,False,760,546
16,7616,139,True,1229,1229
16,4727,81,False,828,785
16,5579,19,True,481,481
16,62748,6940,True,919,919
16,15,0,False,793,764
16,566908,102439,True,1119,1119
16,3358,20,True,656,656
16,74730,6465,True,762,762
16,194245,24814,True,812,812
16,14468,129,True,449,449
16,8051,63,True,632,632
16,17222,632,True,652,652
16,7701,80,False,627,621
16,156845,17872,True,676,676
16,76572,5982,False,958,942
16,1736,5,True,929,929
16,4649,65,True,613,613
16,131556,22224,True,781,781
16,240107,29126,True,578,578
16,16914,477,False,647,629
16,104937,11085,True,701,701
16,62628,2987,True,622,622
16,20946,892,True,737,737
16,123225,10474,True,372,372
16,25340,643,True,601,601
16,371,0,True,657,657
16,6828,108,True,586,586
16,7116,62,False,608,546
16,28633,649,True,890,890
16,18232,539,True,711,711
16,58161,3731,False,835,825
16,3424,23,True,622,622
16,46187,987,True,674,674
16,33114,2233,True,622,622
16,11341,235,False,787,754
16,53807,2983,True,885,885
16,4911,28,True,731,731
16,37262,870,True,891,891
16,104913,6752,True,697,697
16,2529,7,True,534,534
16,24374,575,True,673,673
16,58869,6575,True,961,961
16,101333,10186,True,771,771
16,15,0,True,267,267
16,102108,11264,False,649,638
16,15,0,False,811,801
16,43,0,True,589,589
17,99958,6578,True,610,610
17,16,0,True,697,697
17,29243,586,False,795,777
17,96490,5923,True,757,757
17,268884,19838,False,1167,915
17,4481,23,True,607,607
17,86500,12034,False,1033,611
17,318078,35621,True,820,820
17,11971,116,True,768,768
17,179894,16083,True,486,486
17,319988,31703,True,832,832
17,67415,4138,True,497,497
17,69903,3286,True,852,852
17,202326,23284,True,880,880
17,99213,4094,True,765,765
17,95667,8176,True,887,887
17,78483,4236,True,589,589
17,150910,7907,True,719,719
17,16,0,True,941,941
17,136409,9077,True,961,961
17,208729,18212,True,936,936
17,58401,3458,True,699,699
17,16,0,True,778,778
17,16267,1518,True,697,697
17,89697,8261,True,810,810
17,160211,17011,False,1051,546
17,59173,1940,True,770,770
17,18259,768,True,454,454
17,281311,23252,True,937,937
17,117219,4203,True,695,695
17,9569,58,False,568,544
17,55360,3069,True,1014,1014
17,44986,1662,True,627,627
17,133909,11369,True,571,571
17,58851,2015,True,836,836
17,105074,11616,True,760,760
17,46171,2362,True,931,931
17,15394,177,True,789,789
17,35018,1674,True,468,468
17,30002,924,False,797,771
17,180176,14036,True,638,638
17,65201,2843,True,582,582
17,149867,10820,True,790,790
17,36813,1545,True,974,974
17,3722,26,False,695,685
17,5708,90,True,789,789
17,91659,11106,True,813,813
17,31,0,True,943,943
17,1684,10,False,1247,1227
17,40126,2954,True,748,748
17,91565,7437,True,593,593
17,35804,1300,True,647,647
17,13768,219,True,700,700
17,221177,20621,True,599,599
17,50800,4730,True,576,576
17,61275,2817,True,911,911
17,44469,1497,True,1061,1061
17,93587,4980,True,629,629
17,31,0,False,640,597
17,197263,12578,True,904,904
17,16,0,False,773,741
17,76295,3405,True,899,899
17,17270,644,True,587,587
17,16,0,True,710,710
17,545390,55272,True,806,806
17,22513,1247,False,804,787
17,167692,12308,True,692,692
17,105376,7641,True,524,524
17,398208,40132,True,756,756
17,26162,797,True,604,604
17,430190,54754,True,769,769
17,45752,2262,True,565,565
17,33606,2027,False,934,873
17,16,0,False,816,777
17,49743,1901,False,848,683
17,19827,368,True,683,683
17,120367,10985,True,627,627
17,6264,159,False,647,624
17,10264,100,True,467,467
17,285118,19459,True,543,543
17,681060,103506,True,707,707
17,36135,1240,True,742,742
17,16231,487,True,702,702
17,5674,192,True,539,539
17,20381,414,True,638,638
17,154169,11352,True,855,855
17,322259,27245,True,708,708
17,32171,884,True,669,669
17,149529,15957,True,695,695
17,572063,85124,True,754,754
17,152602,11787,True,835,835
17,73994,4233,True,687,687
17,497344,70169,True,663,663
17,147575,14510,True,1046,1046
17,48834,2134,True,804,804
17,22151,340,True,821,821
17,100670,7615,True,822,822
17,16,0,False,952,940
17,43414,1910,False,957,955
17,26915,960,True,808,808
18,17,0,False,698,689
18,68801,2955,True,756,756
18,53525,1420,False,837,576
18,420678,46930,False,1550,858
18,516082,50804,False,1043,962
18,430830,39707,True,947,947
18,33,0,True,604,604
18,805169,81397,False,912,892
18,168642,5413,False,743,728
18,61506,1977,True,599,599
18,61631,1667,True,597,597
18,467873,39817,True,797,797
18,1489146,260188,True,751,751
18,70393,2476,False,681,668
18,90218,5776,True,674,674
18,91810,2410,False,726,678
18,36518,1099,False,810,784
18,15179,314,True,574,574
18,965855,110509,True,908,908
18,1142779,150444,True,696,696
18,48149,1643,True,787,787
18,367344,26440,False,1299,588
18,749171,91043,True,496,496
18,79803,3455,True,745,745
18,61879,1767,False,742,740
18,2080,2,False,836,824
18,196781,9387,True,682,682
18,16743,397,True,682,682
18,672324,89373,False,919,917
18,364572,23865,True,627,627
18,91290,7005,True,652,652
18,994574,127611,True,700,700
18,467217,42941,False,1003,821
18,36925,820,True,680,680
18,465519,31517,True,777,777
18,804676,126345,True,676,676
18,852714,107609,True,607,607
18,8157,80,True,767,767
18,33,0,False,897,843
18,26258,802,False,689,684
18,17,0,False,866,777
18,14183,353,True,753,753
18,651146,111749,False,2949,885
18,173356,13058,True,746,746
18,17,0,False,747,726
18,450346,46652,True,927,927
18,52094,1687,True,800,800
18,346404,43425,True,619,619
18,438444,30567,False,854,651
18,21745,207,True,903,903
18,415871,39431,True,740,740
18,17204,664,False,732,722
18,271365,16586,True,850,850
18,28067,360,True,658,658
18,1400112,233040,True,678,678
18,197220,14677,True,722,722
18,290301,30513,True,767,767
18,229903,16724,True,641,641
18,26579,497,True,695,695
18,129368,8969,True,575,575
18,574474,48261,True,745,745
18,574367,60534,True,749,749
18,71697,2565,True,870,870
18,1786408,220191,True,813,813
18,1296314,228170,True,736,736
18,1375288,209038,True,708,708
18,24114,815,True,760,760
18,1878253,322607,False,1755,1034
18,192626,12811,False,672,648
18,137021,3758,True,564,564
18,72436,2699,True,689,689
18,40711,1714,False,505,504
18,3680490,806359,True,733,733
18,605977,48551,True,1119,1119
18,17,0,False,707,704
18,96767,5628,True,613,613
18,106060,5469,False,894,811
18,63772,2170,True,851,851
18,104066,6469,True,1087,1087
18,10023,251,True,626,626
18,190939,13991,True,931,931
18,456379,33750,True,791,791
18,23810,1096,False,736,652
18,287560,25128,True,683,683
18,721219,79294,True,719,719
18,451036,53161,False,1007,722
18,394163,36927,False,613,595
18,952745,118422,True,673,673
18,315283,16947,True,775,775
18,11436,158,False,757,747
18,12747,169,True,520,520
18,38961,861,True,686,686
18,521958,66051,True,684,684
18,434086,29341,True,685,685
18,943820,114892,True,528,528
18,50771,1161,True,654,654
18,1120034,133169,True,609,609
18,6892,95,False,1058,1004
18,89038,6606,True,774,774
18,246656,18384,True,566,566
19,1455631,199053,True,831,831
19,437221,32820,True,701,701
19,2144200,315582,True,545,545
19,1264657,141500,True,810,810
19,18392,466,False,816,791
19,18,0,False,684,648
19,223108,9071,True,582,582
19,98695,2906,True,576,576
19,180743,22455,False,629,625
19,628804,46505,True,644,644
19,1113884,168320,False,961,949
19,1446189,182401,True,640,640
19,14776,167,True,734,734
19,1588019,141389,False,729,581
19,317945,14206,True,706,706
19,1431665,118186,True,817,817
19,59513,1063,True,769,769
19,135725,6234,True,487,487
19,80,0,True,729,729
19,1353142,168750,True,758,758
19,18,0,False,554,537
19,596110,38312,True,623,623
19,84348,2675,True,645,645
19,983914,104385,True,841,841
19,2719119,361497,False,726,712
19,483587,35192,False,624,614
19,7441033,1633273,True,699,699
19,2733651,343232,True,588,588
19,303380,24850,True,824,824
19,304256,20146,False,811,806
19,18,0,True,750,750
19,423936,19603,False,930,916
19,25097,325,True,861,861
19,2118013,234923,True,707,707
19,67829,2647,True,870,870
19,209456,10423,False,892,865
19,902853,93478,True,725,725
19,4655590,742538,True,793,793
19,602567,61778,True,580,580
19,445635,36479,True,826,826
19,494773,34064,True,751,751
19,18,0,True,790,790
19,818583,88809,True,877,877
19,244941,15653,True,854,854
19,205463,11698,True,624,624
19,8700,31,True,813,813
19,184397,7446,True,537,537
19,2025238,229077,True,728,728
19,67511,1499,True,853,853
19,1951061,219224,True,530,530
19,796793,77156,False,719,621
19,72995,2293,True,542,542
19,3254162,546452,True,637,637
19,193961,15543,False,702,690
19,74911,1353,True,818,818
19,3140721,404997,True,670,670
19,64309,2557,False,1080,1010
19,342929,18441,True,830,830
19,57114,988,True,978,978
19,174273,12717,True,670,670
19,1179370,93096,True,931,931
19,959205,88275,True,763,763
19,2215791,293373,False,1657,813
19,69387,1336,True,770,770
19,1141611,109367,True,712,712
19,57273,1282,False,862,842
19,35,0,False,669,624
19,18,0,False,834,778
19,135089,5995,True,604,604
19,1164979,115358,True,589,589
19,100230,4052,False,676,629
19,302071,27142,True,867,867
19,1110580,131326,True,694,694
19,998226,142575,True,938,938
19,114889,5166,False,749,689
19,1027945,139174,True,622,622
19,1357877,152312,True,758,758
19,2694776,457271,True,618,618
19,498667,43710,True,824,824
19,1117762,118086,True,789,789
19,1105289,111130,True,583,583
19,681523,59831,False,765,764
19,614651,62248,True,529,529
19,77822,1320,False,576,566
19,171151,8050,True,634,634
19,169469,7274,True,581,581
19,410828,39071,True,681,681
19,17295,250,True,752,752
19,1075424,96776,True,684,684
19,28878,694,True,673,673
19,70553,3275,False,916,912
19,633955,64825,True,744,744
19,829277,67076,True,514,514
19,32989,664,True,717,717
19,1488427,183652,True,679,679
19,2417571,258911,True,724,724
19,547311,40823,False,853,629
19,188385,10197,False,768,765
19,74026,3048,True,703,703
19,153258,8120,False,908,895
20,708282,47099,True,693,693
20,603385,42144,False,910,856
20,423212,23978,True,653,653
20,1909351,240134,True,704,704
20,700908,61955,True,939,939
20,660882,47796,False,705,699
20,757195,73203,True,727,727
20,666895,70173,True,844,844
20,24871,155,False,693,683
20,8855245,1228483,False,907,865
20,1521255,160302,True,637,637
20,57471,1527,False,984,982
20,1003400,69498,True,784,784
20,498682,29897,True,921,921
20,585030,25623,True,615,615
20,661599,35830,True,600,600
20,1919951,203365,True,644,644
20,2535257,250188,True,486,486
20,8044809,1155747,True,647,647
20,87499,3623,False,889,858
20,5199837,796826,False,1013,859
20,77111,2854,False,810,802
20,3012273,358011,False,995,831
20,7596722,1139555,True,890,890
20,678491,58485,True,753,753
20,1757133,213444,True,944,944
20,78183,1332,False,636,623
20,270629,9564,True,915,915
20,145901,6250,True,861,861
20,30859,294,True,654,654
20,777694,62274,True,593,593
20,2035195,178824,True,631,631
20,1130727,99188,True,786,786
20,1727013,112844,False,749,743
20,3608924,570816,True,745,745
20,9420702,1510574,True,976,976
20,590575,35144,False,833,830
20,884541,40718,True,814,814
20,916316,61707,True,843,843
20,84872,2968,True,889,889
20,548997,39294,True,650,650
20,1543919,127979,True,790,790
20,3866658,572699,True,553,553
20,4137382,436223,True,914,914
20,114413,2770,True,516,516
20,1069971,114657,True,647,647
20,663342,31512,True,737,737
20,4164731,355665,True,709,709
20,3984125,556739,True,635,635
20,733542,55447,True,795,795
20,21965,123,True,812,812
20,362717,14287,True,774,774
20,8469,77,True,727,727
20,58014,937,True,758,758
20,445272,15312,True,627,627
20,2234606,280015,True,791,791
20,3744611,527280,True,748,748
20,2887296,291813,False,829,584
20,602741,50319,True,824,824
20,37758,976,True,990,990
20,458102,31107,True,509,509
20,372588,19126,True,609,609
20,5183527,607360,True,653,653
20,77252,2878,False,775,727
20,19,0,True,730,730
20,544650,40096,True,545,545
20,243524,6525,True,674,674
20,625357,66683,True,807,807
20,2486236,344907,True,793,793
20,365614,14579,False,956,771
20,366268,32727,False,894,869
20,498640,34427,True,638,638
20,332529,27205,False,837,821
20,338214,10746,True,855,855
20,48014,709,True,852,852
20,135597,4384,False,790,751
20,584101,35993,True,471,471
20,1782631,169317,True,867,867
20,168927,5604,False,817,789
20,1730748,152781,True,669,669
20,46300,538,True,427,427
20,225865,8715,True,522,522
20,143609,5028,True,840,840
20,7283526,1095337,True,722,722
20,3126437,381155,True,484,484
20,886184,68248,True,703,703
20,292013,17573,True,628,628
20,1526980,141768,True,738,738
20,1128056,84502,True,680,680
20,19,0,False,1087,996
20,78652,1669,True,802,802
20,886356,57703,True,758,758
20,4893805,570631,True,785,785
20,1633129,118667,True,689,689
20,1240882,160918,True,475,475
20,1231338,93140,True,1019,1019
20,2818266,353769,False,657,629
20,1299998,114919,True,720,720
20,393330,14174,True,939,939
20,672074,36020,False,919,909
21,1624475,201745,False,810,787
21,1491211,58376,True,650,650
21,949454,52363,True,796,796
21,12255694,2107018,False,1473,835
21,12995137,2286940,True,440,440
21,5312365,937179,True,872,872
21,647078,22420,True,816,816
21,1560337,125770,False,734,728
21,1597536,135625,False,704,671
21,5944794,856022,True,707,707
21,1609827,97308,False,647,641
21,978160,85189,True,636,636
21,8465549,931407,True,603,603
21,7472040,1017234,True,559,559
21,2023741,160649,True,921,921
21,1335057,64165,True,698,698
21,296942,4592,True,745,745
21,1359842,127075,True,864,864
21,388153,15095,True,1002,1002
21,555510,29901,True,649,649
21,560758,30653,True,735,735
21,4174979,590219,True,683,683
21,2882190,302969,True,711,711
21,98728,2310,True,864,864
21,3128521,481038,True,612,612
21,7975181,941622,True,974,974
21,1515229,100490,True,623,623
21,10450798,1250980,True,578,578
21,15565782,2087908,False,920,899
21,950784,57644,True,768,768
21,2416913,265078,True,542,542
21,1469489,109083,False,593,590
21,3205677,344297,True,721,721
21,4409204,663988,True,706,706
21,3134557,349525,True,715,715
21,4225368,577820,True,460,460
21,2603576,218144,True,729,729
21,61481,1212,False,720,709
21,3450457,337386,False,896,889
21,20,0,True,558,558
21,73102,2243,True,815,815
21,58898,1648,True,754,754
21,199246,4993,True,813,813
21,39,0,True,664,664
21,20,0,True,647,647
21,450390,21442,True,758,758
21,39,0,True,483,483
21,2094531,149956,True,774,774
21,9049987,1242246,True,765,765
21,1566128,141124,True,538,538
21,3200675,299075,False,870,613
21,2759079,262147,False,1000,723
21,5158468,544454,True,733,733
21,9256328,1268231,True,619,619
21,6084760,929910,False,638,626
21,4164103,370020,True,867,867
21,3316811,411939,False,859,758
21,10381669,1725948,True,737,737
21,3722190,361811,True,784,784
21,1219715,71157,False,1019,980
21,267802,11515,True,813,813
21,410771,14971,True,784,784
21,1386729,81437,True,687,687
21,670844,29739,True,744,744
21,3380593,361717,False,939,733
21,4330048,395721,True,728,728
21,2221401,172733,True,990,990
21,17871334,3369693,True,623,623
21,701470,37229,True,855,855
21,882089,49406,True,730,730
21,377137,19247,False,873,868
21,821653,84385,True,867,867
21,1415177,131754,False,865,862
21,14812826,1839950,True,894,894
21,946222,63941,True,717,717
21,43778057,9020079,True,766,766
21,472707,17414,True,871,871
21,447573,13723,True,664,664
21,5188395,868965,False,833,831
21,1921877,184569,False,719,716
21,23631070,3602510,True,711,711
21,1912676,179655,True,587,587
21,4290134,436141,True,911,911
21,22500940,5430732,True,650,650
21,6671518,834947,True,725,725
21,7054241,775114,True,946,946
21,11485898,1894649,True,607,607
21,3654495,351662,True,636,636
21,1012870,65057,False,719,711
21,2781740,230386,True,725,725
21,7383301,882144,True,587,587
21,4991454,530884,True,849,849
21,39,0,False,553,436
21,5286818,729412,True,985,985
21,4375773,428220,True,705,705
21,18156831,2552487,True,595,595
21,3776087,482442,True,635,635
21,2551897,239172,True,887,887
21,2133381,204297,True,771,771
21,26146859,4581868,True,711,711
22,1025709,84237,True,758,758
22,4550289,504391,False,686,680
22,9601925,1277972,True,785,785
22,7312981,937257,False,600,523
22,961501,26230,True,620,620
22,5134594,483427,False,1345,796
22,10285930,1394422,True,578,578
22,15494717,1860935,True,754,754
22,35105844,5931346,False,671,665
22,554260,18660,True,499,499
22,2038843,150379,True,640,640
22,28626531,4731200,True,629,629
22,7689225,1065226,True,771,771
22,7989917,717225,False,932,928
22,671950,18850,True,591,591
22,3245635,377280,True,820,820
22,1318043,136567,True,743,743
22,1647204,118757,False,702,690
22,291423,12817,True,681,681
22,10692206,1141224,True,594,594
22,3298746,343330,True,668,668
22,10152566,1123115,True,474,474
22,20181870,3048492,True,845,845
22,41,0,False,842,781
22,2506451,185441,False,683,677
22,10552619,1210333,True,790,790
22,3256924,201302,False,547,537
22,10293221,1094476,True,642,642
22,16069686,2240289,True,576,576
22,2005666,181022,True,640,640
22,18529913,2632507,True,470,470
22,2699814,181647,True,698,698
22,10658952,1480473,True,628,628
22,1892563,78124,False,785,771
22,80176827,15276149,True,734,734
22,1816702,116048,True,717,717
22,21,0,False,754,658
22,5041776,354987,True,535,535
22,1834358,138426,False,2132,875
22,575262,12196,True,717,717
22,33529,431,True,709,709
22,438240,18578,False,802,794
22,21812093,2509285,True,769,769
22,18817521,3092705,True,641,641
22,483269,13373,True,516,516
22,2508644,174223,True,810,810
22,17221934,2497184,True,785,785
22,6160116,682932,True,688,688
22,21,0,True,599,599
22,17251756,2648185,True,750,750
22,3403458,301391,True,683,683
22,60,0,True,714,714
22,2908328,199558,True,710,710
22,41,0,False,763,679
22,25500752,3952453,True,772,772
22,4073528,339109,True,671,671
22,43680277,7767512,True,579,579
22,512730,25293,False,794,691
22,13705506,1544160,True,739,739
22,3232396,336380,False,719,714
22,16507573,3189729,True,990,990
22,3972090,281008,True,718,718
22,109256,3696,True,611,611
22,3056629,271562,True,980,980
22,8497850,811274,True,561,561
22,636894,19176,False,808,789
22,1728862,111054,True,859,859
22,869841,28073,True,830,830
22,10509570,1023740,True,489,489
22,26444947,4142969,True,533,533
22,11652094,1198472,True,773,773
22,1458021,60013,True,800,800
22,9530521,1305464,True,716,716
22,2070240,127738,True,685,685
22,17801145,2451798,True,635,635
22,1257927,67973,False,1198,563
22,401459,14773,True,957,957
22,17196618,2397163,True,624,624
22,11754453,1573752,True,520,520
22,4478227,274537,True,731,731
22,2292262,131167,True,605,605
22,12494862,1465413,True,848,848
22,864779,40075,False,683,666
22,5782122,492010,True,693,693
22,26779051,3602495,True,790,790
22,5892115,597495,True,841,841
22,48813060,9744364,True,854,854
22,37678016,5639977,True,710,710
22,3636934,529618,True,609,609
22,147520,4887,True,842,842
22,1052039,60447,True,717,717
22,17595001,2403991,True,587,587
22,605932,22869,True,711,711
22,16789667,2313841,True,746,746
22,60508,610,True,697,697
22,1918566,104338,False,1031,1021
22,1913258,108294,False,720,604
22,21,0,True,756,756
22,7752159,934459,True,1092,1092
22,6681724,812946,True,1060,1060
